Title,Address,Price($),Date Posted,Building Type,Bedrooms,Bathrooms,Utilities,Wi-Fi and More,Parking Included,Agreement Type,Move-In Date,Pet Friendly,Size (sqft),Furnished,Air Conditioning,Personal Outdoor Space,Smoking Permitted,Appliances,Amenities,Description,Visit Counter,url,rentcast_id,last_seen_date,status
"Standard - , ,  ",", ,  ",4300,2025-11-06T00:00:00.000Z,Apartment,1,1,Not Specified,Not Specified,No,,,No,,No,No,None,No,,,,0,,"107-E-88th-St,-Unit-2EE,-New-York,-NY-10128",2025-11-06T04:17:55.794Z,Active
"Standard - , ,  ",", ,  ",5995,2025-11-06T00:00:00.000Z,Apartment,1,1,Not Specified,Not Specified,No,,,No,,No,No,None,No,,,,0,,"40-Harrison-St,-Unit-33DE,-New-York,-NY-10013",2025-11-06T04:17:55.793Z,Active
"Standard - , ,  ",", ,  ",3503,2025-11-06T00:00:00.000Z,Apartment,0,1,Not Specified,Not Specified,No,,,No,,No,No,None,No,,,,0,,"408-E-92nd-St,-Unit-3CC,-New-York,-NY-10128",2025-11-06T04:17:55.793Z,Active
"Standard - , ,  ",", ,  ",6800,2025-11-06T00:00:00.000Z,Apartment,2,2,Not Specified,Not Specified,No,,,No,,No,No,None,No,,,,0,,"405-E-56th-St,-Unit-6DD,-New-York,-NY-10022",2025-11-06T04:17:55.792Z,Active
"Standard - , ,  ",", ,  ",10750,2025-11-06T00:00:00.000Z,Apartment,2,2,Not Specified,Not Specified,No,,,No,1242,No,No,None,No,,,,0,,"145-Fourth-Ave,-Unit-17F,-New-York,-NY-10003",2025-11-06T04:17:55.791Z,Active
"Standard - , ,  ",", ,  ",4650,2025-11-06T00:00:00.000Z,Apartment,1,1,Not Specified,Not Specified,No,,,No,,No,No,None,No,,,,0,,"50-W-97th-St,-Unit-4ST,-New-York,-NY-10025",2025-11-06T04:17:55.791Z,Active
"Standard - , ,  ",", ,  ",5995,2025-11-06T00:00:00.000Z,Apartment,1,1,Not Specified,Not Specified,No,,,No,,No,No,None,No,,,,0,,"310-Greenwich-St,-Unit-6GH,-New-York,-NY-10013",2025-11-06T04:17:55.790Z,Active
"Standard - , ,  ",", ,  ",4795,2025-11-06T00:00:00.000Z,Apartment,1,1,Not Specified,Not Specified,No,,,No,,No,No,None,No,,,,0,,"50-W-93rd-St,-Unit-2AB,-New-York,-NY-10025",2025-11-06T04:17:55.790Z,Active
"Standard - , ,  ",", ,  ",3900,2025-11-06T00:00:00.000Z,Apartment,0,1,Not Specified,Not Specified,No,,,No,285,No,No,None,No,,,,0,,"117-W-13th-St,-Apt-25,-New-York,-NY-10011",2025-11-06T04:17:55.789Z,Active
"Standard - , ,  ",", ,  ",4499,2025-11-06T00:00:00.000Z,Apartment,0,1,Not Specified,Not Specified,No,,,No,565,No,No,None,No,,,,0,,"50-Murray-St,-Unit-425A,-New-York,-NY-10007",2025-11-06T04:17:55.788Z,Active
"Standard - , ,  ",", ,  ",3750,2025-11-06T00:00:00.000Z,Apartment,1,1,Not Specified,Not Specified,No,,,No,,No,No,None,No,,,,0,,"24-King-St,-Apt-23,-New-York,-NY-10014",2025-11-06T04:17:55.788Z,Active
"Standard - , ,  ",", ,  ",6650,2025-11-06T00:00:00.000Z,Apartment,2,1,Not Specified,Not Specified,No,,,No,1084,No,No,None,No,,,,0,,"141-E-56th-St,-Unit-6CC,-New-York,-NY-10022",2025-11-06T04:17:55.787Z,Active
"Standard - , ,  ",", ,  ",7425,2025-11-06T00:00:00.000Z,Apartment,2,1,Not Specified,Not Specified,No,,,No,1023,No,No,None,No,,,,0,,"96-Fifth-Ave,-Unit-4CD,-New-York,-NY-10011",2025-11-06T04:17:55.787Z,Active
"Standard - , ,  ",", ,  ",4000,2025-11-06T00:00:00.000Z,Apartment,0,1,Not Specified,Not Specified,No,,,No,,No,No,None,No,,,,0,,"151-W-16th-St,-Apt-5H,-New-York,-NY-10011",2025-11-06T04:17:55.786Z,Active
"Standard - , ,  ",", ,  ",4650,2025-11-06T00:00:00.000Z,Apartment,1,1,Not Specified,Not Specified,No,,,No,623,No,No,None,No,,,,0,,"50-W-97th-St,-Unit-3LM,-New-York,-NY-10025",2025-11-06T04:17:55.786Z,Active
"Standard - , ,  ",", ,  ",4380,2025-11-06T00:00:00.000Z,Apartment,1,1,Not Specified,Not Specified,No,,,No,,No,No,None,No,,,,0,,"145-W-55th-St,-Unit-6FG,-New-York,-NY-10019",2025-11-06T04:17:55.785Z,Active
"Standard - , ,  ",", ,  ",6495,2025-11-06T00:00:00.000Z,Apartment,1,1.5,Not Specified,Not Specified,No,,,No,,No,No,None,No,,,,0,,"246-Mott-St,-Apt-3,-New-York,-NY-10012",2025-11-06T04:17:55.784Z,Active
"Standard - , ,  ",", ,  ",3100,2025-11-06T00:00:00.000Z,Apartment,0,1,Not Specified,Not Specified,No,,,No,,No,No,None,No,,,,0,,"401-E-58th-St,-Apt-A12,-New-York,-NY-10022",2025-11-06T04:17:55.784Z,Active
"Standard - , ,  ",", ,  ",5538,2025-11-06T00:00:00.000Z,Apartment,1,1,Not Specified,Not Specified,No,,,No,,No,No,None,No,,,,0,,"96-Fifth-Ave,-Unit-7HI,-New-York,-NY-10011",2025-11-06T04:17:55.783Z,Active
"Standard - , ,  ",", ,  ",5100,2025-11-06T00:00:00.000Z,Apartment,1,1,Not Specified,Not Specified,No,,,No,640,No,No,None,No,,,,0,,"220-E-63rd-St,-Apt-6M,-New-York,-NY-10065",2025-11-06T04:17:55.782Z,Active
"Standard - , ,  ",", ,  ",6495,2025-11-06T00:00:00.000Z,Apartment,1,1,Not Specified,Not Specified,No,,,No,600,No,No,None,No,,,,0,,"106-Lexington-Ave,-New-York,-NY-10016",2025-11-06T04:17:55.781Z,Active
"Standard - , ,  ",", ,  ",4700,2025-11-06T00:00:00.000Z,Apartment,1,1,Not Specified,Not Specified,No,,,No,,No,No,None,No,,,,0,,"690-Greenwich-St,-Apt-4D,-New-York,-NY-10014",2025-11-06T04:17:55.780Z,Active
"Standard - , ,  ",", ,  ",3500,2025-11-06T00:00:00.000Z,Apartment,1,1,Not Specified,Not Specified,No,,,No,,No,No,None,No,,,,0,,"1471-Second-Ave,-New-York,-NY-10028",2025-11-06T04:17:55.779Z,Active
"Standard - , ,  ",", ,  ",3850,2025-11-06T00:00:00.000Z,Apartment,1,1,Not Specified,Not Specified,No,,,No,,No,No,None,No,,,,0,,"40-E-12th-St,-Apt-4A,-New-York,-NY-10003",2025-11-06T04:17:55.778Z,Active
"Standard - , ,  ",", ,  ",3450,2025-11-06T00:00:00.000Z,Apartment,1,1,Not Specified,Not Specified,No,,,No,700,No,No,None,No,,,,0,,"332-E-71st-St,-New-York,-NY-10021",2025-11-06T04:17:55.777Z,Active
"Standard - , ,  ",", ,  ",9995,2025-11-06T00:00:00.000Z,Apartment,4,2,Not Specified,Not Specified,No,,,No,,No,No,None,No,,,,0,,"939-2nd-Ave,-Apt-3,-New-York,-NY-10022",2025-11-06T04:17:55.775Z,Active
"Standard - , ,  ",", ,  ",3995,2025-11-06T00:00:00.000Z,Apartment,0,1,Not Specified,Not Specified,No,,,No,,No,No,None,No,,,,0,,"51-Leroy-St,-Apt-5D,-New-York,-NY-10014",2025-11-06T04:17:55.774Z,Active
"Standard - , ,  ",", ,  ",9500,2025-11-06T00:00:00.000Z,Apartment,4,2,Not Specified,Not Specified,No,,,No,,No,No,None,No,,,,0,,"93-Ave-B,-Apt-4R,-New-York,-NY-10009",2025-11-06T04:17:55.772Z,Active
"Standard - , ,  ",", ,  ",2500,2025-11-06T00:00:00.000Z,Apartment,0,1,Not Specified,Not Specified,No,,,No,550,No,No,None,No,,,,0,,"225-E-10th-St,-New-York,-NY-10003",2025-11-06T04:17:55.771Z,Active
"Standard - , ,  ",", ,  ",1790,2025-11-06T00:00:00.000Z,Condo,1,1,Not Specified,Not Specified,No,,,No,689,No,No,None,No,,,,0,,"159-W-118th-St,-Apt-4D,-New-York,-NY-10026",2025-11-06T04:17:55.771Z,Active
"Standard - , ,  ",", ,  ",3700,2025-11-06T00:00:00.000Z,Apartment,1,1,Not Specified,Not Specified,No,,,No,800,No,No,None,No,,,,0,,"405-E-56th-St,-New-York,-NY-10022",2025-11-06T04:17:55.770Z,Active
"Standard - , ,  ",", ,  ",5495,2025-11-06T00:00:00.000Z,Apartment,1,1,Not Specified,Not Specified,No,,,No,700,No,No,None,No,,,,0,,"51-Leroy-St,-New-York,-NY-10014",2025-11-06T04:17:55.769Z,Active
"Standard - , ,  ",", ,  ",7395,2025-11-06T00:00:00.000Z,Apartment,2,2,Not Specified,Not Specified,No,,,No,,No,No,None,No,,,,0,,"410-W-53rd-St,-Apt-528,-New-York,-NY-10019",2025-11-06T04:17:55.768Z,Active
"Standard - , ,  ",", ,  ",6950,2025-11-06T00:00:00.000Z,Apartment,1,1,Not Specified,Not Specified,No,,,No,985,No,No,None,No,,,,0,,"50-E-78th-St,-Apt-9A,-New-York,-NY-10075",2025-11-06T04:17:55.768Z,Active
"Standard - , ,  ",", ,  ",4150,2025-11-06T00:00:00.000Z,Apartment,1,1,Not Specified,Not Specified,No,,,No,,No,No,None,No,,,,0,,"328-W-83rd-St,-Apt-2E,-New-York,-NY-10024",2025-11-06T04:17:55.767Z,Active
"Standard - , ,  ",", ,  ",7750,2025-11-06T00:00:00.000Z,Apartment,2,1,Not Specified,Not Specified,No,,,No,800,No,No,None,No,,,,0,,"166-2nd-Ave,-New-York,-NY-10003",2025-11-06T04:17:55.766Z,Active
"Standard - , ,  ",", ,  ",10995,2025-11-06T00:00:00.000Z,Apartment,5,2,Not Specified,Not Specified,No,,,No,580,No,No,None,No,,,,0,,"195-Stanton-St,-New-York,-NY-10002",2025-11-06T04:17:55.765Z,Active
"Standard - , ,  ",", ,  ",4800,2025-11-06T00:00:00.000Z,Apartment,2,1,Not Specified,Not Specified,No,,,No,,No,No,None,No,,,,0,,"365-W-52nd-St,-Apt-4J,-New-York,-NY-10019",2025-11-06T04:17:55.764Z,Active
"Standard - , ,  ",", ,  ",7100,2025-11-06T00:00:00.000Z,Apartment,3,1,Not Specified,Not Specified,No,,,No,,No,No,None,No,,,,0,,"220-E-24th-St,-New-York,-NY-10010",2025-11-06T04:17:55.763Z,Active
"Standard - , ,  ",", ,  ",4750,2025-11-06T00:00:00.000Z,Apartment,1,1,Not Specified,Not Specified,No,,,No,790,No,No,None,No,,,,0,,"400-E-71st-St,-New-York,-NY-10021",2025-11-06T04:17:55.762Z,Active
"Standard - , ,  ",", ,  ",10400,2025-11-06T00:00:00.000Z,Apartment,3,2,Not Specified,Not Specified,No,,,No,1200,No,No,None,No,,,,0,,"29-7th-Ave-S,-New-York,-NY-10014",2025-11-06T04:17:55.762Z,Active
"Standard - , ,  ",", ,  ",2795,2025-11-06T00:00:00.000Z,Apartment,1,1,Not Specified,Not Specified,No,,,No,,No,No,None,No,,,,0,,"138-Haven-Ave,-Unit-11A,-New-York,-NY-10032",2025-11-06T04:17:55.761Z,Active
"Standard - , ,  ",", ,  ",11000,2025-11-06T00:00:00.000Z,Apartment,4,3,Not Specified,Not Specified,No,,,No,2100,No,No,None,No,,,,0,,"323-E-78th-St,-Unit-4BB,-New-York,-NY-10075",2025-11-06T04:17:55.760Z,Active
"Standard - , ,  ",", ,  ",4995,2025-11-06T00:00:00.000Z,Apartment,2,1,Not Specified,Not Specified,No,,,No,,No,No,None,No,,,,0,,"411-E-12th-St,-Unit-22,-New-York,-NY-10009",2025-11-06T04:17:55.759Z,Active
"Standard - , ,  ",", ,  ",4150,2025-11-06T00:00:00.000Z,Apartment,2,1,Not Specified,Not Specified,No,,,No,1100,No,No,None,No,,,,0,,"539-W-49th-St,-Unit-1DD,-New-York,-NY-10019",2025-11-06T04:17:55.758Z,Active
"Standard - , ,  ",", ,  ",2695,2025-11-06T00:00:00.000Z,Apartment,0,1,Not Specified,Not Specified,No,,,No,,No,No,None,No,,,,0,,"358-W-51st-St,-Apt-Ec,-New-York,-NY-10019",2025-11-06T04:17:55.757Z,Active
"Standard - , ,  ",", ,  ",4150,2025-11-06T00:00:00.000Z,Apartment,2,1,Not Specified,Not Specified,No,,,No,,No,No,None,No,,,,0,,"533-W-49th-St,-Unit-1R,-New-York,-NY-10019",2025-11-06T04:17:55.755Z,Active
"Standard - , ,  ",", ,  ",2750,2025-11-06T00:00:00.000Z,Apartment,1,1,Not Specified,Not Specified,No,,,No,500,No,No,None,No,,,,0,,"401-W-15th-St,-New-York,-NY-10011",2025-11-06T04:17:55.745Z,Active
"Standard - , ,  ",", ,  ",4500,2018-11-15T00:00:00.000Z,Condo,1,1,Not Specified,Not Specified,No,,,No,,No,No,None,No,,,,0,,"130-E-63rd-St,-Apt-10F,-New-York,-NY-10065",2025-11-06T04:17:55.744Z,Active
"Standard - , ,  ",", ,  ",4300,2025-11-06T00:00:00.000Z,Apartment,2,1,Not Specified,Not Specified,No,,,No,,No,No,None,No,,,,0,,"340-E-55th-St,-Apt-5B,-New-York,-NY-10022",2025-11-06T04:17:55.736Z,Active
"Standard - , ,  ",", ,  ",3850,2025-11-06T00:00:00.000Z,Apartment,0,1,Not Specified,Not Specified,No,,,No,500,No,No,None,No,,,,0,,"222-E-12th-St,-Unit-3CC,-New-York,-NY-10003",2025-11-06T04:17:55.735Z,Active
"Standard - , ,  ",", ,  ",6900,2025-11-06T00:00:00.000Z,Apartment,2,2,Not Specified,Not Specified,No,,,No,1250,No,No,None,No,,,,0,,"240-E-82nd-St,-Unit-11EE,-New-York,-NY-10028",2025-11-06T04:17:55.734Z,Active
"Standard - , ,  ",", ,  ",7450,2025-11-06T00:00:00.000Z,Apartment,3,1,Not Specified,Not Specified,No,,,No,1050,No,No,None,No,,,,0,,"33-Crosby-St,-Unit-3FF,-New-York,-NY-10013",2025-11-06T04:17:55.733Z,Active
"Standard - , ,  ",", ,  ",7950,2025-11-06T00:00:00.000Z,Apartment,2,2,Not Specified,Not Specified,No,,,No,1350,No,No,None,No,,,,0,,"1-Astor-Pl,-Unit-3TT,-New-York,-NY-10003",2025-11-06T04:17:55.733Z,Active
"Standard - , ,  ",", ,  ",4850,2025-11-06T00:00:00.000Z,Apartment,0,1,Not Specified,Not Specified,No,,,No,,No,No,None,No,,,,0,,"145-4th-Ave-Ph-N,-New-York,-NY-10003",2025-11-06T04:17:55.731Z,Active
"Standard - , ,  ",", ,  ",4500,2025-11-06T00:00:00.000Z,Apartment,3,1,Not Specified,Not Specified,No,,,No,,No,No,None,No,,,,0,,"115-Lexington-Ave,-Unit-6,-New-York,-NY-10016",2025-11-06T04:17:55.730Z,Active
"Standard - , ,  ",", ,  ",2895,2025-11-06T00:00:00.000Z,Apartment,1,1,Not Specified,Not Specified,No,,,No,,No,No,None,No,,,,0,,"417-W-56th-St,-Unit-C2,-New-York,-NY-10019",2025-11-06T04:17:55.730Z,Active
"Standard - , ,  ",", ,  ",2695,2025-11-06T00:00:00.000Z,Apartment,1,1,Not Specified,Not Specified,No,,,No,,No,No,None,No,,,,0,,"951-Amsterdam-Ave,-Apt-3B,-New-York,-NY-10025",2025-11-06T04:17:55.729Z,Active
"Standard - , ,  ",", ,  ",10935,2025-11-06T00:00:00.000Z,Apartment,2,2,Not Specified,Not Specified,No,,,No,,No,No,None,No,,,,0,,"335-8th-Ave,-Unit-317,-New-York,-NY-10001",2025-11-06T04:17:55.728Z,Active
"Standard - , ,  ",", ,  ",11995,2020-05-22T00:00:00.000Z,Apartment,3,2,Not Specified,Not Specified,No,,,No,1650,No,No,None,No,,,,0,,"261-Hudson-St,-Ph-2L,-New-York,-NY-10013",2025-11-06T04:17:55.722Z,Active
"Standard - , ,  ",", ,  ",6000,2020-06-10T00:00:00.000Z,Apartment,2,2,Not Specified,Not Specified,No,,,No,,No,No,None,No,,,,0,,"372-Central-Park-W,-Apt-10C,-New-York,-NY-10025",2025-11-06T04:17:55.722Z,Active
"Standard - , ,  ",", ,  ",4600,2025-11-06T00:00:00.000Z,Apartment,0,1,Not Specified,Not Specified,No,,,No,400,No,No,None,No,,,,0,,"222-E-12th-St,-Unit-4CC,-New-York,-NY-10003",2025-11-06T04:17:55.721Z,Active
"Standard - , ,  ",", ,  ",3195,2018-03-21T00:00:00.000Z,Apartment,0,1,Not Specified,Not Specified,No,,,No,,No,No,None,No,,,,0,,"158-E-100th-St,-Apt-3RR,-New-York,-NY-10029",2025-11-06T04:17:55.720Z,Active
"Standard - , ,  ",", ,  ",3375,2020-09-21T00:00:00.000Z,Single Family,2,1,Not Specified,Not Specified,No,,,No,,No,No,None,No,,,,0,,"461-W-49th-St,-Apt-1B,-New-York,-NY-10019",2025-11-06T04:17:55.715Z,Active
"Standard - , ,  ",", ,  ",3360,2022-05-24T00:00:00.000Z,Apartment,1,1,Not Specified,Not Specified,No,,,No,322,No,No,None,No,,,,0,,"439-W-48th-St,-Unit-1FW1,-New-York,-NY-10036",2025-11-06T04:17:55.713Z,Active
"Standard - , ,  ",", ,  ",2095,2020-09-02T00:00:00.000Z,Single Family,1,1,Not Specified,Not Specified,No,,,No,,No,No,None,No,,,,0,,"445-W-49th-St,-Apt-5B,-New-York,-NY-10019",2025-11-06T04:17:55.712Z,Active
"Standard - , ,  ",", ,  ",3530,2022-05-24T00:00:00.000Z,Apartment,1,1,Not Specified,Not Specified,No,,,No,365,No,No,None,No,,,,0,,"20-Ave-A,-Unit-2L2,-New-York,-NY-10009",2025-11-06T04:17:55.709Z,Active
"Standard - , ,  ",", ,  ",3895,2020-08-19T00:00:00.000Z,Apartment,1,1,Not Specified,Not Specified,No,,,No,,No,No,None,No,,,,0,,"229-Chrystie-St,-Ph-19,-New-York,-NY-10002",2025-11-06T04:17:55.708Z,Active
"Standard - , ,  ",", ,  ",3495,2020-07-20T00:00:00.000Z,Apartment,2,1,Not Specified,Not Specified,No,,,No,,No,No,None,No,,,,0,,"111-Worth-St,-Apt-4X,-New-York,-NY-10013",2025-11-06T04:17:55.707Z,Active
"Standard - , ,  ",", ,  ",3410,2022-05-24T00:00:00.000Z,Apartment,1,1,Not Specified,Not Specified,No,,,No,373,No,No,None,No,,,,0,,"715-E-5th-St,-Unit-1D1,-New-York,-NY-10009",2025-11-06T04:17:55.703Z,Active
"Standard - , ,  ",", ,  ",3495,2020-08-12T00:00:00.000Z,Apartment,1,1,Not Specified,Not Specified,No,,,No,760,No,No,None,No,,,,0,,"404-E-76th-St,-Apt-4E,-New-York,-NY-10021",2025-11-06T04:17:55.699Z,Active
"Standard - , ,  ",", ,  ",3580,2022-05-24T00:00:00.000Z,Apartment,1,1,Not Specified,Not Specified,No,,,No,349,No,No,None,No,,,,0,,"826-9th-Ave,-Unit-3RS3,-New-York,-NY-10019",2025-11-06T04:17:55.699Z,Active
"New Construction - , ,  ",", ,  ",2850,2020-07-14T00:00:00.000Z,Apartment,1,1,Not Specified,Not Specified,No,,,No,545,No,No,None,No,,,,0,,"333-W-19th-St,-Apt-1E,-New-York,-NY-10011",2025-11-06T04:17:55.698Z,Active
"Standard - , ,  ",", ,  ",3130,2022-05-24T00:00:00.000Z,Apartment,0,1,Not Specified,Not Specified,No,,,No,255,No,No,None,No,,,,0,,"534-E-14th-St,-Unit-12-12,-New-York,-NY-10009",2025-11-06T04:17:55.698Z,Active
"New Construction - , ,  ",", ,  ",2795,2020-07-13T00:00:00.000Z,Condo,1,1,Not Specified,Not Specified,No,,,No,726,No,No,None,No,,,,0,,"58-W-129th-St,-Unit-A2,-New-York,-NY-10027",2025-11-06T04:17:55.697Z,Active
"Standard - , ,  ",", ,  ",2800,2020-07-16T00:00:00.000Z,Apartment,0,1,Not Specified,Not Specified,No,,,No,,No,No,None,No,,,,0,,"111-Worth-St,-Apt-8K,-New-York,-NY-10013",2025-11-06T04:17:55.697Z,Active
"Standard - , ,  ",", ,  ",7500,2020-10-29T00:00:00.000Z,Condo,2,2,Not Specified,Not Specified,No,,,No,1112,No,No,None,No,,,,0,,"1635-Lexington-Ave,-Apt-6D,-New-York,-NY-10029",2025-11-06T04:17:55.696Z,Active
"Standard - , ,  ",", ,  ",10500,2021-09-24T00:00:00.000Z,Apartment,2,2,Not Specified,Not Specified,No,,,No,1258,No,No,None,No,,,,0,,"50-West-St,-Apt-52D,-New-York,-NY-10006",2025-11-06T04:17:55.695Z,Active
"Standard - , ,  ",", ,  ",3310,2022-05-24T00:00:00.000Z,Apartment,1,1,Not Specified,Not Specified,No,,,No,321,No,No,None,No,,,,0,,"531-W-48th-St,-Unit-3-3,-New-York,-NY-10036",2025-11-06T04:17:55.695Z,Active
"Standard - , ,  ",", ,  ",2246,2020-09-21T00:00:00.000Z,Single Family,1,1,Not Specified,Not Specified,No,,,No,,No,No,None,No,,,,0,,"461-W-49th-St,-Apt-1A,-New-York,-NY-10019",2025-11-06T04:17:55.694Z,Active
"Standard - , ,  ",", ,  ",2300,2021-04-30T00:00:00.000Z,Apartment,0,,Not Specified,Not Specified,No,,,No,,No,No,None,No,,,,0,,"428-W-46th-St,-Unit-3,-New-York,-NY-10036",2025-11-06T04:17:55.694Z,Active
"Standard - , ,  ",", ,  ",3500,2020-12-29T00:00:00.000Z,Apartment,1,1,Not Specified,Not Specified,No,,,No,700,No,No,None,No,,,,0,,"200-E-94th-St,-Apt-408,-New-York,-NY-10128",2025-11-06T04:17:55.693Z,Active
"Standard - , ,  ",", ,  ",13500,2021-04-02T00:00:00.000Z,Apartment,0,3.5,Not Specified,Not Specified,No,,,No,,No,No,None,No,,,,0,,"400-E-66th-St,-New-York,-NY-10065",2025-11-06T04:17:55.693Z,Active
"Standard - , ,  ",", ,  ",4160,2021-04-12T00:00:00.000Z,Single Family,3,2,Not Specified,Not Specified,No,,,No,1800,No,No,None,No,,,,0,,"36-W-126th-St,-Apt-1,-New-York,-NY-10027",2025-11-06T04:17:55.692Z,Active
"Standard - , ,  ",", ,  ",3050,2022-04-01T00:00:00.000Z,Apartment,0,1,Not Specified,Not Specified,No,,,No,600,No,No,None,No,,,,0,,"60-W-57th-St,-Apt-3K,-New-York,-NY-10019",2025-11-06T04:17:55.690Z,Active
"Standard - , ,  ",", ,  ",5795,2022-03-25T00:00:00.000Z,Apartment,1,1.5,Not Specified,Not Specified,No,,,No,856,No,No,None,No,,,,0,,"235-E-55th-St,-Apt-45B,-New-York,-NY-10022",2025-11-06T04:17:55.685Z,Active
"Standard - , ,  ",", ,  ",2280,2022-05-24T00:00:00.000Z,Apartment,1,1,Not Specified,Not Specified,No,,,No,659,No,No,None,No,,,,0,,"609-W-151st-St,-Unit-46-46,-New-York,-NY-10031",2025-11-06T04:17:55.682Z,Active
"Standard - , ,  ",", ,  ",3095,2022-03-29T00:00:00.000Z,Condo,1,1,Not Specified,Not Specified,No,,,No,600,No,No,None,No,,,,0,,"158-E-100th-St,-Apt-2R,-New-York,-NY-10029",2025-11-06T04:17:55.681Z,Active
"Standard - , ,  ",", ,  ",3330,2022-05-24T00:00:00.000Z,Apartment,1,1,Not Specified,Not Specified,No,,,No,326,No,No,None,No,,,,0,,"439-W-48th-St,-Unit-1FE-A,-New-York,-NY-10036",2025-11-06T04:17:55.681Z,Active
"Standard - , ,  ",", ,  ",14500,2022-04-24T00:00:00.000Z,Apartment,2,2.5,Not Specified,Not Specified,No,,,No,,No,No,None,No,,,,0,,"21-W-12th-St,-Apt-1B,-New-York,-NY-10011",2025-11-06T04:17:55.680Z,Active
"Standard - , ,  ",", ,  ",3130,2022-05-24T00:00:00.000Z,Apartment,1,1,Not Specified,Not Specified,No,,,No,409,No,No,None,No,,,,0,,"126-Lexington-Ave,-Unit-5F5,-New-York,-NY-10016",2025-11-06T04:17:55.680Z,Active
"Standard - , ,  ",", ,  ",3110,2022-05-24T00:00:00.000Z,Apartment,0,1,Not Specified,Not Specified,No,,,No,368,No,No,None,No,,,,0,,"418-W-49th-St,-Unit-2D2,-New-York,-NY-10019",2025-11-06T04:17:55.679Z,Active
"Standard - , ,  ",", ,  ",2830,2022-05-24T00:00:00.000Z,Apartment,0,1,Not Specified,Not Specified,No,,,No,164,No,No,None,No,,,,0,,"473-Central-Park-W,-Unit-1B1,-New-York,-NY-10025",2025-11-06T04:17:55.678Z,Active
"Standard - , ,  ",", ,  ",2960,2022-05-24T00:00:00.000Z,Apartment,1,1,Not Specified,Not Specified,No,,,No,340,No,No,None,No,,,,0,,"20-Ave-A,-Unit-3I3,-New-York,-NY-10009",2025-11-06T04:17:55.677Z,Active
"Standard - , ,  ",", ,  ",3350,2022-05-23T00:00:00.000Z,Apartment,1,1,Not Specified,Not Specified,No,,,No,350,No,No,None,No,,,,0,,"240-E-23rd-St,-Apt-4A,-New-York,-NY-10010",2025-11-06T04:17:55.676Z,Active
"Standard - , ,  ",", ,  ",3460,2022-05-24T00:00:00.000Z,Apartment,1,1,Not Specified,Not Specified,No,,,No,431,No,No,None,No,,,,0,,"336-W-46th-St,-Unit-3R3,-New-York,-NY-10036",2025-11-06T04:17:55.675Z,Active
"Standard - , ,  ",", ,  ",2630,2022-05-24T00:00:00.000Z,Apartment,0,1,Not Specified,Not Specified,No,,,No,256,No,No,None,No,,,,0,,"471-Central-Park-W,-Unit-5F5,-New-York,-NY-10025",2025-11-06T04:17:55.674Z,Active
"Standard - , ,  ",", ,  ",3375,2022-05-24T00:00:00.000Z,Apartment,1,1,Not Specified,Not Specified,No,,,No,448,No,No,None,No,,,,0,,"824-9th-Ave,-Unit-6RN6,-New-York,-NY-10019",2025-11-06T04:17:55.674Z,Active
"Standard - , ,  ",", ,  ",3075,2022-05-24T00:00:00.000Z,Apartment,1,1,Not Specified,Not Specified,No,,,No,415,No,No,None,No,,,,0,,"41-W-46th-St,-Unit-5A5,-New-York,-NY-10036",2025-11-06T04:17:55.673Z,Active
"Standard - , ,  ",", ,  ",2610,2022-05-24T00:00:00.000Z,Apartment,0,1,Not Specified,Not Specified,No,,,No,384,No,No,None,No,,,,0,,"1626-Second-Ave,-Unit-1S1,-New-York,-NY-10028",2025-11-06T04:17:55.672Z,Active
